train_loss,train_Binary_AUROC,train_BalancedAccuracy,train_Accuracy,train_MCC,test_loss,test_Binary_AUROC,test_BalancedAccuracy,test_Accuracy,test_MCC,type_model,transform,ds_type,barycentric_subdivision_idx
0.0180934965610504,0.1256856769323349,0.8743143677711487,0.9976834058761596,0.0,0.021429045125842,0.1546542197465896,0.8453457951545715,0.9972440004348756,0.0,transfconv,degree_transform,full_3d,0
0.0179537888616323,0.1256856769323349,0.8743143677711487,0.9976834058761596,0.0,0.021255062893033,0.1546542197465896,0.8453457951545715,0.9972440004348756,0.0,transfconv,degree_transform,full_3d,0
0.0179969910532236,0.1256856769323349,0.8743143677711487,0.9976834058761596,0.0,0.0213090032339096,0.1546542197465896,0.8453457951545715,0.9972440004348756,0.0,transfconv,degree_transform,full_3d,0
0.0178777538239955,0.1256856769323349,0.8743143677711487,0.9976834058761596,0.0,0.0211601145565509,0.1546542197465896,0.8453457951545715,0.9972440004348756,0.0,transfconv,degree_transform,full_3d,0
0.0179510097950696,0.1256856769323349,0.8743143677711487,0.9976834058761596,0.0,0.021251717582345,0.1546542197465896,0.8453457951545715,0.9972440004348756,0.0,transfconv,degree_transform,full_3d,0
0.2456380426883697,0.5133199691772461,0.5133199691772461,0.9222299456596376,0.1359962075948715,0.2462525367736816,0.5142635703086853,0.5142635703086853,0.9216504693031312,0.1538232117891311,scn,random_simplices_features,full_2d,0
0.3776297271251678,0.4965637624263763,0.4965637624263763,0.9104079604148864,-0.0137340780347585,0.3827564716339111,0.497692346572876,0.497692346572876,0.9101762175559998,-0.0010031587444245,scn,random_simplices_features,full_2d,0
0.2696987390518188,0.4999794065952301,0.4999794065952301,0.9210322499275208,-0.0018307889113202,0.271704763174057,0.5,0.5,0.9199119210243224,0.0,scn,random_simplices_features,full_2d,0
0.3253858685493469,0.5028656125068665,0.5028656125068665,0.91249418258667,0.0228989534080028,0.3354952037334442,0.5054334402084351,0.5054334402084351,0.9112192988395692,0.0284325946122407,scn,random_simplices_features,full_2d,0
0.2616293132305145,0.502029538154602,0.502029538154602,0.9213027358055116,0.045672632753849,0.2620054483413696,0.500463604927063,0.500463604927063,0.920027792453766,0.0370086841285228,scn,random_simplices_features,full_2d,0
0.5806369185447693,0.5189224481582642,0.5189224481582642,0.7147866487503052,0.1795855164527893,0.579642653465271,0.526324450969696,0.526324450969696,0.7192060947418213,0.1709507554769516,sccn,degree_transform_sc,no_nameless_2d,0
0.5897031426429749,0.5362126231193542,0.5362126231193542,0.7247223854064941,0.2327651083469391,0.590164840221405,0.5378163456916809,0.5378163456916809,0.7262113690376282,0.2209338843822479,sccn,degree_transform_sc,no_nameless_2d,0
0.5885280966758728,0.5300716161727905,0.5300716161727905,0.7214105129241943,0.214167445898056,0.5887749195098877,0.5329350233078003,0.5329350233078003,0.7232924699783325,0.2048760652542114,sccn,degree_transform_sc,no_nameless_2d,0
0.5842583179473877,0.544295608997345,0.544295608997345,0.7293980121612549,0.2503558993339538,0.5855630040168762,0.5409191846847534,0.5409191846847534,0.7279626131057739,0.2313178181648254,sccn,degree_transform_sc,no_nameless_2d,0
0.5941188335418701,0.5473030805587769,0.5473030805587769,0.7311514019966125,0.2562144100666046,0.5958037376403809,0.5442556738853455,0.5442556738853455,0.7297139167785645,0.2441502511501312,sccn,degree_transform_sc,no_nameless_2d,0
0.0164994113147258,0.1256856769323349,0.8743143677711487,0.9976834058761596,0.0,0.019247556105256,0.1546542197465896,0.8453457951545715,0.9972440004348756,0.0,gcn,random_node_features,full_3d,0
0.0166629180312156,0.1256856769323349,0.8743143677711487,0.9976834058761596,0.0,0.019325952976942,0.1546542197465896,0.8453457951545715,0.9972440004348756,0.0,gcn,random_node_features,full_3d,0
0.0165193267166614,0.1256856769323349,0.8743143677711487,0.9976834058761596,0.0,0.0192699171602726,0.1546542197465896,0.8453457951545715,0.9972440004348756,0.0,gcn,random_node_features,full_3d,0
0.0164162535220384,0.1256856769323349,0.8743143677711487,0.9976834058761596,0.0,0.0190666038542985,0.1546542197465896,0.8453457951545715,0.9972440004348756,0.0,gcn,random_node_features,full_3d,0
0.016723845154047,0.1256856769323349,0.8743143677711487,0.9976834058761596,0.0,0.0195122845470905,0.1546542197465896,0.8453457951545715,0.9972440004348756,0.0,gcn,random_node_features,full_3d,0
0.6104679703712463,0.5000000596046448,0.5000000596046448,0.7036820650100708,0.0,0.6095460057258606,0.5,0.5,0.7040280103683472,0.0,tag,random_node_features,no_nameless_2d,0
0.6112927198410034,0.4998567104339599,0.4998567104339599,0.7034872770309448,-0.0063588069751858,0.614022433757782,0.5,0.5,0.7040280103683472,0.0,tag,random_node_features,no_nameless_2d,0
0.6127643585205078,0.5000000596046448,0.5000000596046448,0.7036820650100708,-0.0100807147100567,0.6127495765686035,0.4995754361152649,0.4995754361152649,0.7034443020820618,-0.0234315171837806,tag,random_node_features,no_nameless_2d,0
0.6107481122016907,0.4998673796653747,0.4998673796653747,0.7034872770309448,-0.000809411285445,0.6139196157455444,0.5,0.5,0.7040280103683472,0.0,tag,random_node_features,no_nameless_2d,0
0.6131327748298645,0.5001871585845947,0.5001871585845947,0.7032924294471741,-0.0093036284670233,0.6143710613250732,0.5,0.5,0.7040280103683472,0.0,tag,random_node_features,no_nameless_2d,0
0.2766412794589996,0.5,0.5,0.92107093334198,0.0,0.2796591222286224,0.5,0.5,0.9199119210243224,0.0,transfconv,degree_transform_onehot,full_2d,0
0.2766017317771911,0.5,0.5,0.92107093334198,0.0,0.2795953452587127,0.5,0.5,0.9199119210243224,0.0,transfconv,degree_transform_onehot,full_2d,0
0.2763173580169678,0.5,0.5,0.92107093334198,0.0,0.2792536318302154,0.5,0.5,0.9199119210243224,0.0,transfconv,degree_transform_onehot,full_2d,0
0.2763313949108124,0.5,0.5,0.92107093334198,0.0,0.2792841494083404,0.5,0.5,0.9199119210243224,0.0,transfconv,degree_transform_onehot,full_2d,0
0.2761378884315491,0.5,0.5,0.92107093334198,0.0,0.2790186107158661,0.5,0.5,0.9199119210243224,0.0,transfconv,degree_transform_onehot,full_2d,0
0.2441511005163192,0.5002040266990662,0.5002040266990662,0.92107093334198,0.0203849300742149,0.2434328645467758,0.5007417798042297,0.5007417798042297,0.920027792453766,0.0112602263689041,san,random_simplices_features,full_2d,0
0.2440376579761505,0.5,0.5,0.92107093334198,0.0,0.2419645339250564,0.5,0.5,0.9199119210243224,0.0,san,random_simplices_features,full_2d,0
0.2449019700288772,0.5023279190063477,0.5023279190063477,0.9213027358055116,0.0469395518302917,0.2489646673202514,0.5022459626197815,0.5022459626197815,0.9201436638832092,0.0313762053847312,san,random_simplices_features,full_2d,0
0.2474584877490997,0.5031930208206177,0.5031930208206177,0.9209550023078918,0.0638466477394104,0.2473446279764175,0.5052462816238403,0.5052462816238403,0.920259654521942,0.085141584277153,san,random_simplices_features,full_2d,0
0.3018312454223633,0.5234506130218506,0.5234505534172058,0.9074332118034364,0.0992577895522117,0.2916355431079864,0.5412324070930481,0.5412324070930481,0.9075104594230652,0.1238294094800949,san,random_simplices_features,full_2d,0
0.6078423857688904,0.5000000596046448,0.5000000596046448,0.7036820650100708,0.0,0.6075655221939087,0.5,0.5,0.7040280103683472,0.0,mlp,degree_transform_onehot,no_nameless_2d,0
0.6077899932861328,0.5000000596046448,0.5000000596046448,0.7036820650100708,0.0,0.6075021028518677,0.5,0.5,0.7040280103683472,0.0,mlp,degree_transform_onehot,no_nameless_2d,0
0.6078615784645081,0.5000000596046448,0.5000000596046448,0.7036820650100708,0.0,0.607580840587616,0.5,0.5,0.7040280103683472,0.0,mlp,degree_transform_onehot,no_nameless_2d,0
0.6077762246131897,0.5000000596046448,0.5000000596046448,0.7036820650100708,0.0,0.6074919700622559,0.5,0.5,0.7040280103683472,0.0,mlp,degree_transform_onehot,no_nameless_2d,0
0.6078483462333679,0.5000000596046448,0.5000000596046448,0.7036820650100708,0.0,0.6075726747512817,0.5,0.5,0.7040280103683472,0.0,mlp,degree_transform_onehot,no_nameless_2d,0
0.016421029344201,0.1256856769323349,0.8743143677711487,0.9976834058761596,0.0,0.018997324630618,0.1546542197465896,0.8453457951545715,0.9972440004348756,0.0,tag,degree_transform_onehot,full_3d,0
0.0165022071450948,0.1256856769323349,0.8743143677711487,0.9976834058761596,0.0,0.0190266165882349,0.1546542197465896,0.8453457951545715,0.9972440004348756,0.0,tag,degree_transform_onehot,full_3d,0
0.0164294596761465,0.1256856769323349,0.8743143677711487,0.9976834058761596,0.0,0.0189993046224117,0.1546542197465896,0.8453457951545715,0.9972440004348756,0.0,tag,degree_transform_onehot,full_3d,0
0.0165472459048032,0.1256856769323349,0.8743143677711487,0.9976834058761596,0.0,0.0190508086234331,0.1546542197465896,0.8453457951545715,0.9972440004348756,0.0,tag,degree_transform_onehot,full_3d,0
0.0164254140108823,0.1256856769323349,0.8743143677711487,0.9976834058761596,0.0,0.0189979895949363,0.1546542197465896,0.8453457951545715,0.9972440004348756,0.0,tag,degree_transform_onehot,full_3d,0
0.0166799668222665,0.1256856769323349,0.8743143677711487,0.9976834058761596,0.0,0.0192188881337642,0.1546542197465896,0.8453457951545715,0.9972440004348756,0.0,tag,random_node_features,full_3d,0
0.0171569678932428,0.1256856769323349,0.8743143677711487,0.9976834058761596,0.0,0.0196452941745519,0.1546542197465896,0.8453457951545715,0.9972440004348756,0.0,tag,random_node_features,full_3d,0
0.0171042289584875,0.1256856769323349,0.8743143677711487,0.9976834058761596,0.0,0.0196156464517116,0.1546542197465896,0.8453457951545715,0.9972440004348756,0.0,tag,random_node_features,full_3d,0
0.0168294887989759,0.1256856769323349,0.8743143677711487,0.9976834058761596,0.0,0.0193964466452598,0.1546542197465896,0.8453457951545715,0.9972440004348756,0.0,tag,random_node_features,full_3d,0
0.0169328562915325,0.1256856769323349,0.8743143677711487,0.9976834058761596,0.0,0.0193944945931434,0.1546542197465896,0.8453457951545715,0.9972440004348756,0.0,tag,random_node_features,full_3d,0
0.6089224815368652,0.5000000596046448,0.5000000596046448,0.7036820650100708,0.0,0.6077753901481628,0.5,0.5,0.7040280103683472,0.0,gcn,random_node_features,no_nameless_2d,0
0.6085417866706848,0.5000000596046448,0.5000000596046448,0.7036820650100708,0.0,0.6077122092247009,0.5,0.5,0.7040280103683472,0.0,gcn,random_node_features,no_nameless_2d,0
0.6110226511955261,0.5000000596046448,0.5000000596046448,0.7036820650100708,0.0,0.6063515543937683,0.5,0.5,0.7040280103683472,0.0,gcn,random_node_features,no_nameless_2d,0
0.608035147190094,0.5000000596046448,0.5000000596046448,0.7036820650100708,0.0,0.6076812148094177,0.5,0.5,0.7040280103683472,0.0,gcn,random_node_features,no_nameless_2d,0
0.6086551547050476,0.5000000596046448,0.5000000596046448,0.7036820650100708,0.0,0.607447624206543,0.5,0.5,0.7040280103683472,0.0,gcn,random_node_features,no_nameless_2d,0
0.2762970626354217,0.5,0.5,0.92107093334198,0.0,0.2792806923389435,0.5,0.5,0.9199119210243224,0.0,gcn,degree_transform_onehot,full_2d,0
0.2764659821987152,0.5,0.5,0.92107093334198,0.0,0.2794744968414306,0.5,0.5,0.9199119210243224,0.0,gcn,degree_transform_onehot,full_2d,0
0.2763995230197906,0.5,0.5,0.92107093334198,0.0,0.279401957988739,0.5,0.5,0.9199119210243224,0.0,gcn,degree_transform_onehot,full_2d,0
0.2765176892280578,0.5,0.5,0.92107093334198,0.0,0.2795208394527435,0.5,0.5,0.9199119210243224,0.0,gcn,degree_transform_onehot,full_2d,0
0.2765261530876159,0.5,0.5,0.92107093334198,0.0,0.2795349955558777,0.5,0.5,0.9199119210243224,0.0,gcn,degree_transform_onehot,full_2d,0
0.0164098944514989,0.1256856769323349,0.8743143677711487,0.9976834058761596,0.0,0.0189960375428199,0.1546542197465896,0.8453457951545715,0.9972440004348756,0.0,tag,degree_transform,full_3d,0
0.0164163038134574,0.1256856769323349,0.8743143677711487,0.9976834058761596,0.0,0.0189964547753334,0.1546542197465896,0.8453457951545715,0.9972440004348756,0.0,tag,degree_transform,full_3d,0
0.0164778567850589,0.1256856769323349,0.8743143677711487,0.9976834058761596,0.0,0.0190151538699865,0.1546542197465896,0.8453457951545715,0.9972440004348756,0.0,tag,degree_transform,full_3d,0
0.0166791882365942,0.1256856769323349,0.8743143677711487,0.9976834058761596,0.0,0.0191347375512123,0.1546542197465896,0.8453457951545715,0.9972440004348756,0.0,tag,degree_transform,full_3d,0
0.0165561977773904,0.1256856769323349,0.8743143677711487,0.9976834058761596,0.0,0.019055800512433,0.1546542197465896,0.8453457951545715,0.9972440004348756,0.0,tag,degree_transform,full_3d,0
0.6098210215568542,0.5000000596046448,0.5000000596046448,0.7036820650100708,0.0,0.609566867351532,0.5,0.5,0.7040280103683472,0.0,transfconv,degree_transform_onehot,no_nameless_2d,0
0.6113841533660889,0.5000000596046448,0.5000000596046448,0.7036820650100708,0.0,0.6111441850662231,0.5,0.5,0.7040280103683472,0.0,transfconv,degree_transform_onehot,no_nameless_2d,0
0.6097885370254517,0.5000000596046448,0.5000000596046448,0.7036820650100708,0.0,0.6095460653305054,0.5,0.5,0.7040280103683472,0.0,transfconv,degree_transform_onehot,no_nameless_2d,0
0.6078388690948486,0.5000000596046448,0.5000000596046448,0.7036820650100708,0.0,0.6075490117073059,0.5,0.5,0.7040280103683472,0.0,transfconv,degree_transform_onehot,no_nameless_2d,0
0.6084093451499939,0.5000000596046448,0.5000000596046448,0.7036820650100708,0.0,0.6081603765487671,0.5,0.5,0.7040280103683472,0.0,transfconv,degree_transform_onehot,no_nameless_2d,0
0.2764800190925598,0.5,0.5,0.92107093334198,0.0,0.2794175148010254,0.5,0.5,0.9199119210243224,0.0,gat,degree_transform,full_2d,0
0.2761985957622528,0.5,0.5,0.92107093334198,0.0,0.2790713608264923,0.5,0.5,0.9199119210243224,0.0,gat,degree_transform,full_2d,0
0.2764197587966919,0.5,0.5,0.92107093334198,0.0,0.2793437838554382,0.5,0.5,0.9199119210243224,0.0,gat,degree_transform,full_2d,0
0.2764284312725067,0.5,0.5,0.92107093334198,0.0,0.2793559730052948,0.5,0.5,0.9199119210243224,0.0,gat,degree_transform,full_2d,0
0.276559442281723,0.5,0.5,0.92107093334198,0.0,0.2795076668262481,0.5,0.5,0.9199119210243224,0.0,gat,degree_transform,full_2d,0
0.0163802877068519,0.1256856769323349,0.8743143677711487,0.9976834058761596,0.0,0.0190055426210165,0.1546542197465896,0.8453457951545715,0.9972440004348756,0.0,gcn,degree_transform,full_3d,0
0.0163716524839401,0.1256856769323349,0.8743143677711487,0.9976834058761596,0.0,0.0190237816423177,0.1546542197465896,0.8453457951545715,0.9972440004348756,0.0,gcn,degree_transform,full_3d,0
0.0163713470101356,0.1256856769323349,0.8743143677711487,0.9976834058761596,0.0,0.0190254263579845,0.1546542197465896,0.8453457951545715,0.9972440004348756,0.0,gcn,degree_transform,full_3d,0
0.0163719989359378,0.1256856769323349,0.8743143677711487,0.9976834058761596,0.0,0.0190221928060054,0.1546542197465896,0.8453457951545715,0.9972440004348756,0.0,gcn,degree_transform,full_3d,0
0.0163808036595582,0.1256856769323349,0.8743143677711487,0.9976834058761596,0.0,0.0190870016813278,0.1546542197465896,0.8453457951545715,0.9972440004348756,0.0,gcn,degree_transform,full_3d,0
0.2768563330173492,0.5,0.5,0.92107093334198,0.0,0.2798775434494018,0.5,0.5,0.9199119210243224,0.0,mlp,degree_transform_onehot,full_2d,0
0.2768496870994568,0.5,0.5,0.92107093334198,0.0,0.2798784077167511,0.5,0.5,0.9199119210243224,0.0,mlp,degree_transform_onehot,full_2d,0
0.2768481969833374,0.5,0.5,0.92107093334198,0.0,0.279877632856369,0.5,0.5,0.9199119210243224,0.0,mlp,degree_transform_onehot,full_2d,0
0.2767736315727234,0.5,0.5,0.92107093334198,0.0,0.279771625995636,0.5,0.5,0.9199119210243224,0.0,mlp,degree_transform_onehot,full_2d,0
0.2768628001213074,0.5,0.5,0.92107093334198,0.0,0.2798899412155151,0.5,0.5,0.9199119210243224,0.0,mlp,degree_transform_onehot,full_2d,0
22.81436347961425,0.5098318457603455,0.5098318457603455,0.9151599407196044,0.060704082250595,22.53880882263184,0.5136836171150208,0.513683557510376,0.9135372638702391,0.1025721803307533,sccnn,random_simplices_features,full_2d,0
23.822608947753903,0.5074014067649841,0.5074014067649841,0.914271354675293,0.0533887185156345,24.010238647460938,0.514300525188446,0.514300525188446,0.9143486618995668,0.0871303305029869,sccnn,random_simplices_features,full_2d,0
18.12711524963379,0.5348317623138428,0.5348317623138428,0.911953330039978,0.1383664757013321,17.368703842163086,0.5461797118186951,0.5461797118186951,0.9150440692901612,0.1705802679061889,sccnn,random_simplices_features,full_2d,0
25.04837417602539,0.5394219756126404,0.5394219756126404,0.8900479078292847,0.1181140094995498,23.546085357666016,0.5571262836456299,0.5571262836456299,0.8947612047195435,0.1496884971857071,sccnn,random_simplices_features,full_2d,0
23.116840362548828,0.5329040884971619,0.5329040884971619,0.9147735834121704,0.1388039886951446,22.58916282653809,0.5396673083305359,0.5396673083305359,0.9119147062301636,0.1561746448278427,sccnn,random_simplices_features,full_2d,0
1.0342421531677246,0.5079851746559143,0.5079852342605591,0.6093902587890625,0.006011317949742,0.997280776500702,0.5088046193122864,0.5088046193122864,0.6164623498916626,0.0121627170592546,scn,random_simplices_features,no_nameless_2d,0
1.345880389213562,0.4961116909980774,0.4961116909980774,0.5723748803138733,0.0052943169139325,1.3104263544082642,0.5103780627250671,0.5103780627250671,0.5925277471542358,0.0235699601471424,scn,random_simplices_features,no_nameless_2d,0
0.9608187079429626,0.5021350383758545,0.5021350383758545,0.6257548928260803,-0.0119068641215562,1.013053059577942,0.4902341067790985,0.4902341067790985,0.6164623498916626,-0.0265367943793535,scn,random_simplices_features,no_nameless_2d,0
1.1065759658813477,0.4991603493690491,0.4991603493690491,0.596142590045929,-0.0008274029823951,1.074727177619934,0.5043730139732361,0.5043730139732361,0.5977816581726074,-0.0042256298474967,scn,random_simplices_features,no_nameless_2d,0
0.8268730044364929,0.4946946799755096,0.4946946799755096,0.61445552110672,0.0032128202728927,0.8181995153427124,0.5151931047439575,0.5151931047439575,0.6275539994239807,0.0389505736529827,scn,random_simplices_features,no_nameless_2d,0
0.0164190791547298,0.1256856769323349,0.8743143677711487,0.9976834058761596,0.0,0.0189967583864927,0.1546542197465896,0.8453457951545715,0.9972440004348756,0.0,gat,degree_transform,full_3d,0
0.0163802839815616,0.1256856769323349,0.8743143677711487,0.9976834058761596,0.0,0.0190054755657911,0.1546542197465896,0.8453457951545715,0.9972440004348756,0.0,gat,degree_transform,full_3d,0
0.016375295817852,0.1256856769323349,0.8743143677711487,0.9976834058761596,0.0,0.0190124474465847,0.1546542197465896,0.8453457951545715,0.9972440004348756,0.0,gat,degree_transform,full_3d,0
0.0163725968450307,0.1256856769323349,0.8743143677711487,0.9976834058761596,0.0,0.0190549977123737,0.1546542197465896,0.8453457951545715,0.9972440004348756,0.0,gat,degree_transform,full_3d,0
0.016376219689846,0.1256856769323349,0.8743143677711487,0.9976834058761596,0.0,0.0190713014453649,0.1546542197465896,0.8453457951545715,0.9972440004348756,0.0,gat,degree_transform,full_3d,0
181.295639038086,0.5000000596046448,0.5000000596046448,0.2963179349899292,0.0,182.07505798339844,0.5,0.5,0.2959719896316528,0.0,scn,degree_transform_sc,no_nameless_2d,0
1.829970121383667,0.5000000596046448,0.5000000596046448,0.7036820650100708,0.0,1.826886534690857,0.5,0.5,0.7040280103683472,0.0,scn,degree_transform_sc,no_nameless_2d,0
2.4340298175811768,0.5000000596046448,0.5000000596046448,0.7036820650100708,0.0,2.4296700954437256,0.5,0.5,0.7040280103683472,0.0,scn,degree_transform_sc,no_nameless_2d,0
155.4738311767578,0.5000000596046448,0.5000000596046448,0.2963179349899292,0.0,155.87184143066406,0.5,0.5,0.2959719896316528,0.0,scn,degree_transform_sc,no_nameless_2d,0
0.6185638308525085,0.5458331108093262,0.5458331108093262,0.7301772832870483,0.2489610612392425,0.6168814897537231,0.5435365438461304,0.5435365438461304,0.729130208492279,0.2298120558261871,scn,degree_transform_sc,no_nameless_2d,0
1583.840087890625,0.5,0.5,0.92107093334198,0.0,1566.0570068359375,0.5,0.5,0.9199119210243224,0.0,sccnn,degree_transform_sc,full_2d,0
744.3482055664062,0.7094269394874573,0.7094269394874573,0.681695282459259,0.2361983358860016,761.3045043945312,0.7145271301269531,0.7145271301269531,0.6769819855690002,0.2513743638992309,sccnn,degree_transform_sc,full_2d,0
279.6864624023437,0.5097070932388306,0.5097070932388306,0.9225390553474426,0.1488403528928756,272.10308837890625,0.5155364871025085,0.5155364871025085,0.9223458766937256,0.1855836808681488,sccnn,degree_transform_sc,full_2d,0
2075.253173828125,0.5,0.5,0.92107093334198,0.0,2044.5177001953125,0.5,0.5,0.9199119210243224,0.0,sccnn,degree_transform_sc,full_2d,0
1764.4613037109375,0.5,0.5,0.92107093334198,0.0,1743.7884521484375,0.5,0.5,0.9199119210243224,0.0,sccnn,degree_transform_sc,full_2d,0
0.6077747941017151,0.5000000596046448,0.5000000596046448,0.7036820650100708,0.0,0.6106762290000916,0.5,0.5,0.7040280103683472,0.0,gat,random_node_features,no_nameless_2d,0
0.6097778081893921,0.5000000596046448,0.5000000596046448,0.7036820650100708,0.0,0.6109217405319214,0.5,0.5,0.7040280103683472,0.0,gat,random_node_features,no_nameless_2d,0
0.6105605363845825,0.5000000596046448,0.5000000596046448,0.7036820650100708,0.0,0.6100237369537354,0.5,0.5,0.7040280103683472,0.0,gat,random_node_features,no_nameless_2d,0
0.6088103652000427,0.5000000596046448,0.5000000596046448,0.7036820650100708,0.0,0.6101109385490417,0.5,0.5,0.7040280103683472,0.0,gat,random_node_features,no_nameless_2d,0
0.6104450821876526,0.5000000596046448,0.5000000596046448,0.7036820650100708,0.0,0.6084186434745789,0.5,0.5,0.7040280103683472,0.0,gat,random_node_features,no_nameless_2d,0
0.6077011227607727,0.5000000596046448,0.5000000596046448,0.7036820650100708,0.0,0.6073989868164062,0.5,0.5,0.7040280103683472,0.0,mlp,degree_transform,no_nameless_2d,0
0.6076850891113281,0.5000000596046448,0.5000000596046448,0.7036820650100708,0.0,0.6073799729347229,0.5,0.5,0.7040280103683472,0.0,mlp,degree_transform,no_nameless_2d,0
0.6076921820640564,0.5000000596046448,0.5000000596046448,0.7036820650100708,0.0,0.6073890328407288,0.5,0.5,0.7040280103683472,0.0,mlp,degree_transform,no_nameless_2d,0
0.6076881289482117,0.5000000596046448,0.5000000596046448,0.7036820650100708,0.0,0.6073839068412781,0.5,0.5,0.7040280103683472,0.0,mlp,degree_transform,no_nameless_2d,0
0.607676088809967,0.5000000596046448,0.5000000596046448,0.7036820650100708,0.0,0.6073678135871887,0.5,0.5,0.7040280103683472,0.0,mlp,degree_transform,no_nameless_2d,0
0.6080734729766846,0.5000000596046448,0.5000000596046448,0.7036820650100708,0.0,0.6073599457740784,0.5,0.5,0.7040280103683472,0.0,mlp,random_node_features,no_nameless_2d,0
0.6079321503639221,0.5000000596046448,0.5000000596046448,0.7036820650100708,0.0,0.6085695028305054,0.5,0.5,0.7040280103683472,0.0,mlp,random_node_features,no_nameless_2d,0
0.6080967783927917,0.5000000596046448,0.5000000596046448,0.7036820650100708,0.0,0.6080353856086731,0.5,0.5,0.7040280103683472,0.0,mlp,random_node_features,no_nameless_2d,0
0.6082500219345093,0.5000000596046448,0.5000000596046448,0.7036820650100708,0.0,0.6080594062805176,0.5,0.5,0.7040280103683472,0.0,mlp,random_node_features,no_nameless_2d,0
0.608100414276123,0.5000000596046448,0.5000000596046448,0.7036820650100708,0.0,0.6079636812210083,0.5,0.5,0.7040280103683472,0.0,mlp,random_node_features,no_nameless_2d,0
0.2774631679058075,0.5,0.5,0.92107093334198,0.0,0.2802882790565491,0.5,0.5,0.9199119210243224,0.0,gcn,random_node_features,full_2d,0
0.2781934440135956,0.5,0.5,0.92107093334198,0.0,0.2814295887947082,0.5,0.5,0.9199119210243224,0.0,gcn,random_node_features,full_2d,0
0.2773368954658508,0.5,0.5,0.92107093334198,0.0,0.2806394696235657,0.5,0.5,0.9199119210243224,0.0,gcn,random_node_features,full_2d,0
0.2775602340698242,0.5,0.5,0.92107093334198,0.0,0.281293660402298,0.5,0.5,0.9199119210243224,0.0,gcn,random_node_features,full_2d,0
0.2770445942878723,0.5,0.5,0.92107093334198,0.0,0.2796447575092315,0.5,0.5,0.9199119210243224,0.0,gcn,random_node_features,full_2d,0
0.609900176525116,0.5000000596046448,0.5000000596046448,0.7036820650100708,0.0,0.609314501285553,0.5,0.5,0.7040280103683472,0.0,transfconv,random_node_features,no_nameless_2d,0
0.6099400520324707,0.5000000596046448,0.5000000596046448,0.7036820650100708,0.0,0.608409583568573,0.5,0.5,0.7040280103683472,0.0,transfconv,random_node_features,no_nameless_2d,0
0.609506368637085,0.5000000596046448,0.5000000596046448,0.7036820650100708,0.0,0.6079325675964355,0.5,0.5,0.7040280103683472,0.0,transfconv,random_node_features,no_nameless_2d,0
0.6090806126594543,0.5000000596046448,0.5000000596046448,0.7036820650100708,0.0,0.6090019345283508,0.5,0.5,0.7040280103683472,0.0,transfconv,random_node_features,no_nameless_2d,0
0.609541118144989,0.5000000596046448,0.5000000596046448,0.7036820650100708,0.0,0.6093814373016357,0.5,0.5,0.7040280103683472,0.0,transfconv,random_node_features,no_nameless_2d,0
0.0164635702967643,0.1256856769323349,0.8743143677711487,0.9976834058761596,0.0,0.0190349072217941,0.1546542197465896,0.8453457951545715,0.9972440004348756,0.0,transfconv,random_node_features,full_3d,0
0.0166317708790302,0.1256856769323349,0.8743143677711487,0.9976834058761596,0.0,0.0191691443324089,0.1546542197465896,0.8453457951545715,0.9972440004348756,0.0,transfconv,random_node_features,full_3d,0
0.0165735818445682,0.1256856769323349,0.8743143677711487,0.9976834058761596,0.0,0.0192151460796594,0.1546542197465896,0.8453457951545715,0.9972440004348756,0.0,transfconv,random_node_features,full_3d,0
0.0164849627763032,0.1256856769323349,0.8743143677711487,0.9976834058761596,0.0,0.0193468909710645,0.1546542197465896,0.8453457951545715,0.9972440004348756,0.0,transfconv,random_node_features,full_3d,0
0.0167347248643636,0.1256856769323349,0.8743143677711487,0.9976834058761596,0.0,0.0195162203162908,0.1546542197465896,0.8453457951545715,0.9972440004348756,0.0,transfconv,random_node_features,full_3d,0
0.0166138429194688,0.1256856769323349,0.8743143677711487,0.9976834058761596,0.0,0.0193275213241577,0.1546542197465896,0.8453457951545715,0.9972440004348756,0.0,mlp,random_node_features,full_3d,0
0.0166213456541299,0.1256856769323349,0.8743143677711487,0.9976834058761596,0.0,0.0191470105201005,0.1546542197465896,0.8453457951545715,0.9972440004348756,0.0,mlp,random_node_features,full_3d,0
0.0165744014084339,0.1256856769323349,0.8743143677711487,0.9976834058761596,0.0,0.0191357750445604,0.1546542197465896,0.8453457951545715,0.9972440004348756,0.0,mlp,random_node_features,full_3d,0
0.0165106114000082,0.1256856769323349,0.8743143677711487,0.9976834058761596,0.0,0.0193600207567214,0.1546542197465896,0.8453457951545715,0.9972440004348756,0.0,mlp,random_node_features,full_3d,0
0.0165297258645296,0.1256856769323349,0.8743143677711487,0.9976834058761596,0.0,0.0192704088985919,0.1546542197465896,0.8453457951545715,0.9972440004348756,0.0,mlp,random_node_features,full_3d,0
0.6077010631561279,0.5000000596046448,0.5000000596046448,0.7036820650100708,0.0,0.607437014579773,0.5,0.5,0.7040280103683472,0.0,gcn,degree_transform_onehot,no_nameless_2d,0
0.6076934933662415,0.5000000596046448,0.5000000596046448,0.7036820650100708,0.0,0.6074003577232361,0.5,0.5,0.7040280103683472,0.0,gcn,degree_transform_onehot,no_nameless_2d,0
0.6077532768249512,0.5000000596046448,0.5000000596046448,0.7036820650100708,0.0,0.6075429320335388,0.5,0.5,0.7040280103683472,0.0,gcn,degree_transform_onehot,no_nameless_2d,0
0.6077257394790649,0.5000000596046448,0.5000000596046448,0.7036820650100708,0.0,0.6074628233909607,0.5,0.5,0.7040280103683472,0.0,gcn,degree_transform_onehot,no_nameless_2d,0
0.6077022552490234,0.5000000596046448,0.5000000596046448,0.7036820650100708,0.0,0.6074391603469849,0.5,0.5,0.7040280103683472,0.0,gcn,degree_transform_onehot,no_nameless_2d,0
0.276576966047287,0.5,0.5,0.92107093334198,0.0,0.2795387804508209,0.5,0.5,0.9199119210243224,0.0,mlp,degree_transform,full_2d,0
0.2766406834125519,0.5,0.5,0.92107093334198,0.0,0.27961066365242,0.5,0.5,0.9199119210243224,0.0,mlp,degree_transform,full_2d,0
0.2765440344810486,0.5,0.5,0.92107093334198,0.0,0.279499351978302,0.5,0.5,0.9199119210243224,0.0,mlp,degree_transform,full_2d,0
0.2765689790248871,0.5,0.5,0.92107093334198,0.0,0.2795301079750061,0.5,0.5,0.9199119210243224,0.0,mlp,degree_transform,full_2d,0
0.2767056822776794,0.5,0.5,0.92107093334198,0.0,0.2796854972839355,0.5,0.5,0.9199119210243224,0.0,mlp,degree_transform,full_2d,0
0.0166797880083322,0.1256856769323349,0.8743143677711487,0.9976834058761596,0.0,0.0195957496762275,0.1546542197465896,0.8453457951545715,0.9972440004348756,0.0,gat,random_node_features,full_3d,0
0.0164047237485647,0.1256856769323349,0.8743143677711487,0.9976834058761596,0.0,0.0189592167735099,0.1546542197465896,0.8453457951545715,0.9972440004348756,0.0,gat,random_node_features,full_3d,0
0.0166147351264953,0.1256856769323349,0.8743143677711487,0.9976834058761596,0.0,0.0191524866968393,0.1546542197465896,0.8453457951545715,0.9972440004348756,0.0,gat,random_node_features,full_3d,0
0.016547417268157,0.1256856769323349,0.8743143677711487,0.9976834058761596,0.0,0.0192027855664491,0.1546542197465896,0.8453457951545715,0.9972440004348756,0.0,gat,random_node_features,full_3d,0
0.0165314115583896,0.1256856769323349,0.8743143677711487,0.9976834058761596,0.0,0.0192763525992631,0.1546542197465896,0.8453457951545715,0.9972440004348756,0.0,gat,random_node_features,full_3d,0
0.6118271946907043,0.5000000596046448,0.5000000596046448,0.7036820650100708,0.0,0.6116784811019897,0.5,0.5,0.7040280103683472,0.0,tag,degree_transform_onehot,no_nameless_2d,0
0.6122955083847046,0.5000000596046448,0.5000000596046448,0.7036820650100708,0.0,0.6120814681053162,0.5,0.5,0.7040280103683472,0.0,tag,degree_transform_onehot,no_nameless_2d,0
0.612419843673706,0.5000000596046448,0.5000000596046448,0.7036820650100708,0.0,0.6122252941131592,0.5,0.5,0.7040280103683472,0.0,tag,degree_transform_onehot,no_nameless_2d,0
0.6123316287994385,0.5000000596046448,0.5000000596046448,0.7036820650100708,0.0,0.6121867299079895,0.5,0.5,0.7040280103683472,0.0,tag,degree_transform_onehot,no_nameless_2d,0
0.614018976688385,0.5000000596046448,0.5000000596046448,0.7036820650100708,0.0,0.6138569712638855,0.5,0.5,0.7040280103683472,0.0,tag,degree_transform_onehot,no_nameless_2d,0
0.2780092656612396,0.5,0.5,0.92107093334198,0.0,0.2811179459095001,0.5,0.5,0.9199119210243224,0.0,transfconv,degree_transform,full_2d,0
0.279278963804245,0.5,0.5,0.92107093334198,0.0,0.2824692726135254,0.5,0.5,0.9199119210243224,0.0,transfconv,degree_transform,full_2d,0
0.2784262895584106,0.5,0.5,0.92107093334198,0.0,0.281564861536026,0.5,0.5,0.9199119210243224,0.0,transfconv,degree_transform,full_2d,0
0.2795446813106537,0.5,0.5,0.92107093334198,0.0,0.2827538847923279,0.5,0.5,0.9199119210243224,0.0,transfconv,degree_transform,full_2d,0
0.2775443494319916,0.5,0.5,0.92107093334198,0.0,0.2806334197521209,0.5,0.5,0.9199119210243224,0.0,transfconv,degree_transform,full_2d,0
0.0163728017359972,0.1256856769323349,0.8743143677711487,0.9976834058761596,0.0,0.0190184861421585,0.1546542197465896,0.8453457951545715,0.9972440004348756,0.0,gcn,degree_transform_onehot,full_3d,0
0.0163706969469785,0.1256856769323349,0.8743143677711487,0.9976834058761596,0.0,0.0190338585525751,0.1546542197465896,0.8453457951545715,0.9972440004348756,0.0,gcn,degree_transform_onehot,full_3d,0
0.0163710229098796,0.1256856769323349,0.8743143677711487,0.9976834058761596,0.0,0.0190444756299257,0.1546542197465896,0.8453457951545715,0.9972440004348756,0.0,gcn,degree_transform_onehot,full_3d,0
0.0163706969469785,0.1256856769323349,0.8743143677711487,0.9976834058761596,0.0,0.0190384238958358,0.1546542197465896,0.8453457951545715,0.9972440004348756,0.0,gcn,degree_transform_onehot,full_3d,0
0.0163721740245819,0.1256856769323349,0.8743143677711487,0.9976834058761596,0.0,0.0190210752189159,0.1546542197465896,0.8453457951545715,0.9972440004348756,0.0,gcn,degree_transform_onehot,full_3d,0
0.2774208784103393,0.5,0.5,0.92107093334198,0.0,0.2807025015354156,0.5,0.5,0.9199119210243224,0.0,gat,random_node_features,full_2d,0
0.2784711718559265,0.5,0.5,0.92107093334198,0.0,0.2813822031021118,0.5,0.5,0.9199119210243224,0.0,gat,random_node_features,full_2d,0
0.2778814136981964,0.5,0.5,0.92107093334198,0.0,0.280982106924057,0.5,0.5,0.9199119210243224,0.0,gat,random_node_features,full_2d,0
0.2787840366363525,0.5,0.5,0.92107093334198,0.0,0.2815293669700622,0.5,0.5,0.9199119210243224,0.0,gat,random_node_features,full_2d,0
0.278427243232727,0.5,0.5,0.92107093334198,0.0,0.280804693698883,0.5,0.5,0.9199119210243224,0.0,gat,random_node_features,full_2d,0
0.6076934337615967,0.5000000596046448,0.5000000596046448,0.7036820650100708,0.0,0.6073870658874512,0.5,0.5,0.7040280103683472,0.0,gcn,degree_transform,no_nameless_2d,0
0.6105928421020508,0.5000000596046448,0.5000000596046448,0.7036820650100708,0.0,0.6103423833847046,0.5,0.5,0.7040280103683472,0.0,gcn,degree_transform,no_nameless_2d,0
0.6078556776046753,0.5000000596046448,0.5000000596046448,0.7036820650100708,0.0,0.6075594425201416,0.5,0.5,0.7040280103683472,0.0,gcn,degree_transform,no_nameless_2d,0
0.6083966493606567,0.5000000596046448,0.5000000596046448,0.7036820650100708,0.0,0.6081159710884094,0.5,0.5,0.7040280103683472,0.0,gcn,degree_transform,no_nameless_2d,0
0.6085269451141357,0.5000000596046448,0.5000000596046448,0.7036820650100708,0.0,0.6082471609115601,0.5,0.5,0.7040280103683472,0.0,gcn,degree_transform,no_nameless_2d,0
0.0163983907550573,0.1256856769323349,0.8743143677711487,0.9976834058761596,0.0,0.0189967192709445,0.1546542197465896,0.8453457951545715,0.9972440004348756,0.0,mlp,degree_transform,full_3d,0
0.0164033584296703,0.1256856769323349,0.8743143677711487,0.9976834058761596,0.0,0.0189961045980453,0.1546542197465896,0.8453457951545715,0.9972440004348756,0.0,mlp,degree_transform,full_3d,0
0.0163888167589902,0.1256856769323349,0.8743143677711487,0.9976834058761596,0.0,0.0189995225518941,0.1546542197465896,0.8453457951545715,0.9972440004348756,0.0,mlp,degree_transform,full_3d,0
0.0163902156054973,0.1256856769323349,0.8743143677711487,0.9976834058761596,0.0,0.0189988892525434,0.1546542197465896,0.8453457951545715,0.9972440004348756,0.0,mlp,degree_transform,full_3d,0
0.0164170507341623,0.1256856769323349,0.8743143677711487,0.9976834058761596,0.0,0.0189964789897203,0.1546542197465896,0.8453457951545715,0.9972440004348756,0.0,mlp,degree_transform,full_3d,0
0.6629005670547485,0.5020700097084045,0.5020700097084045,0.6586791276931763,0.0193735342472791,0.6494230031967163,0.5058270692825317,0.5058270692825317,0.6637477874755859,0.0210963767021894,sccn,random_simplices_features,no_nameless_2d,0
0.6526610851287842,0.5142509341239929,0.5142509937286377,0.6664718985557556,0.0257804375141859,0.6496003270149231,0.5019042491912842,0.5019042491912842,0.6584938764572144,-0.0097139598801732,sccn,random_simplices_features,no_nameless_2d,0
0.676519513130188,0.5051831603050232,0.5051831603050232,0.6399766802787781,0.0041268318891525,0.6710211634635925,0.504130482673645,0.504130482673645,0.6415645480155945,0.0055756103247404,sccn,random_simplices_features,no_nameless_2d,0
0.6545525193214417,0.4974958002567291,0.4974958002567291,0.6758231520652771,-0.0010702604195103,0.6676731705665588,0.4997055232524872,0.4997055232524872,0.6742556691169739,-0.0221211146563291,sccn,random_simplices_features,no_nameless_2d,0
0.6679205298423767,0.5042799115180969,0.5042799115180969,0.617572546005249,0.0187881123274564,0.6674853563308716,0.513309895992279,0.513309895992279,0.6258026957511902,0.0406009070575237,sccn,random_simplices_features,no_nameless_2d,0
0.2795023024082184,0.5,0.5,0.92107093334198,0.0,0.282798022031784,0.5,0.5,0.9199119210243224,0.0,tag,degree_transform_onehot,full_2d,0
0.2776414453983307,0.5,0.5,0.92107093334198,0.0,0.2808040082454681,0.5,0.5,0.9199119210243224,0.0,tag,degree_transform_onehot,full_2d,0
0.2778564989566803,0.5,0.5,0.92107093334198,0.0,0.2810383141040802,0.5,0.5,0.9199119210243224,0.0,tag,degree_transform_onehot,full_2d,0
0.2798051536083221,0.5,0.5,0.92107093334198,0.0,0.2830918729305267,0.5,0.5,0.9199119210243224,0.0,tag,degree_transform_onehot,full_2d,0
0.2771235406398773,0.500224769115448,0.500224769115448,0.9211095571517944,0.0043977005407214,0.2801626026630401,0.5,0.5,0.9199119210243224,0.0,tag,degree_transform_onehot,full_2d,0
51.80706787109375,0.5047948956489563,0.5047949552536011,0.6561464667320251,-0.0056150741875171,49.987892150878906,0.4900948405265808,0.4900948405265808,0.6468184590339661,-0.0210269056260585,sccnn,random_simplices_features,no_nameless_2d,0
26.971309661865234,0.505851686000824,0.505851686000824,0.5862069129943848,0.01484290137887,26.67681312561035,0.5128960013389587,0.5128960013389587,0.593111515045166,-0.0096650151535868,sccnn,random_simplices_features,no_nameless_2d,0
53.77745056152344,0.502713680267334,0.502713680267334,0.4488603174686432,0.0075928270816802,57.98176956176758,0.501449704170227,0.501449704170227,0.441330999135971,-0.0044269915670156,sccnn,random_simplices_features,no_nameless_2d,0
222.95651245117188,0.501091480255127,0.501091480255127,0.7042664885520935,0.0302620008587837,222.32864379882807,0.5,0.5,0.7040280103683472,0.0,sccnn,random_simplices_features,no_nameless_2d,0
56.775169372558594,0.4928513169288635,0.4928513169288635,0.5879602432250977,-0.0146151883527636,55.47554016113281,0.4927092492580414,0.4927091896533966,0.585522472858429,-0.0094561269506812,sccnn,random_simplices_features,no_nameless_2d,0
0.6077041625976562,0.5000000596046448,0.5000000596046448,0.7036820650100708,0.0,0.6074252128601074,0.5,0.5,0.7040280103683472,0.0,gat,degree_transform_onehot,no_nameless_2d,0
0.6076986193656921,0.5000000596046448,0.5000000596046448,0.7036820650100708,0.0,0.6074265837669373,0.5,0.5,0.7040280103683472,0.0,gat,degree_transform_onehot,no_nameless_2d,0
0.6076796650886536,0.5000000596046448,0.5000000596046448,0.7036820650100708,0.0,0.6073875427246094,0.5,0.5,0.7040280103683472,0.0,gat,degree_transform_onehot,no_nameless_2d,0
0.6077239513397217,0.5000000596046448,0.5000000596046448,0.7036820650100708,0.0,0.6074646711349487,0.5,0.5,0.7040280103683472,0.0,gat,degree_transform_onehot,no_nameless_2d,0
0.6077743172645569,0.5000000596046448,0.5000000596046448,0.7036820650100708,0.0,0.6075222492218018,0.5,0.5,0.7040280103683472,0.0,gat,degree_transform_onehot,no_nameless_2d,0
0.2337745875120163,0.5189988613128662,0.5189988613128662,0.9241616725921632,0.2145149111747741,0.2326271831989288,0.5304638147354126,0.5304638147354126,0.9247798323631288,0.2575640082359314,sccn,degree_transform_sc,full_2d,0
0.2338763773441314,0.5398122072219849,0.5398122072219849,0.9272910356521606,0.2907910346984863,0.2323226034641266,0.5520438551902771,0.5520438551902771,0.9282568693161012,0.3334596455097198,sccn,degree_transform_sc,full_2d,0
0.2393797636032104,0.5388702750205994,0.5388702750205994,0.9271751046180724,0.2886360287666321,0.237151563167572,0.5523529052734375,0.5523529052734375,0.9282568693161012,0.3321826756000519,sccn,degree_transform_sc,full_2d,0
0.2315208315849304,0.5363296866416931,0.5363296866416931,0.9267114400863647,0.275026261806488,0.2306808084249496,0.5482176542282104,0.5482176542282104,0.9274455904960632,0.3181193172931671,sccn,degree_transform_sc,full_2d,0
0.2290409356355667,0.5309265851974487,0.5309265851974487,0.9258615374565125,0.2580465376377105,0.2282063961029052,0.5435643792152405,0.5435643792152405,0.9267500638961792,0.3104201257228851,sccn,degree_transform_sc,full_2d,0
0.2764681279659271,0.5,0.5,0.92107093334198,0.0,0.2794621884822845,0.5,0.5,0.9199119210243224,0.0,gat,degree_transform_onehot,full_2d,0
0.2764992117881775,0.5,0.5,0.92107093334198,0.0,0.2794843018054962,0.5,0.5,0.9199119210243224,0.0,gat,degree_transform_onehot,full_2d,0
0.276996910572052,0.5,0.5,0.92107093334198,0.0,0.2800671458244324,0.5,0.5,0.9199119210243224,0.0,gat,degree_transform_onehot,full_2d,0
0.2763857543468475,0.5,0.5,0.92107093334198,0.0,0.2793223857879638,0.5,0.5,0.9199119210243224,0.0,gat,degree_transform_onehot,full_2d,0
0.2765615582466125,0.5,0.5,0.92107093334198,0.0,0.2795517742633819,0.5,0.5,0.9199119210243224,0.0,gat,degree_transform_onehot,full_2d,0
0.3250429630279541,0.5,0.5,0.92107093334198,0.0,0.3261125087738037,0.5,0.5,0.9199119210243224,0.0,scn,degree_transform_sc,full_2d,0
0.2581757605075836,0.5,0.5,0.92107093334198,0.0,0.2595946192741394,0.5,0.5,0.9199119210243224,0.0,scn,degree_transform_sc,full_2d,0
0.4690434336662292,0.5456264615058899,0.5456264615058899,0.8913228511810303,0.1254210025072097,0.4716972708702087,0.5601848363876343,0.5601848363876343,0.8902411460876465,0.1580660939216613,scn,degree_transform_sc,full_2d,0
0.3687900006771087,0.5560635924339294,0.5560635924339294,0.8898161053657532,0.1449125558137893,0.3657545745372772,0.56980961561203,0.5698096752166748,0.8885025978088379,0.172229066491127,scn,degree_transform_sc,full_2d,0
0.2738108336925506,0.5,0.5,0.92107093334198,0.0,0.2762856483459472,0.5,0.5,0.9199119210243224,0.0,scn,degree_transform_sc,full_2d,0
0.6094245910644531,0.5000000596046448,0.5000000596046448,0.7036820650100708,0.0,0.6091597676277161,0.5,0.5,0.7040280103683472,0.0,tag,degree_transform,no_nameless_2d,0
0.6148008704185486,0.5000000596046448,0.5000000596046448,0.7036820650100708,0.0,0.6145811080932617,0.5,0.5,0.7040280103683472,0.0,tag,degree_transform,no_nameless_2d,0
0.6121392846107483,0.5000000596046448,0.5000000596046448,0.7036820650100708,0.0,0.6119017004966736,0.5,0.5,0.7040280103683472,0.0,tag,degree_transform,no_nameless_2d,0
0.6100766062736511,0.5000000596046448,0.5000000596046448,0.7036820650100708,0.0,0.6098195314407349,0.5,0.5,0.7040280103683472,0.0,tag,degree_transform,no_nameless_2d,0
0.6111920475959778,0.5000000596046448,0.5000000596046448,0.7036820650100708,0.0,0.610948383808136,0.5,0.5,0.7040280103683472,0.0,tag,degree_transform,no_nameless_2d,0
0.2456233501434326,0.5233156681060791,0.5233156681060791,0.9245866537094116,0.2215942442417144,0.2424419969320297,0.5340925455093384,0.5340925455093384,0.9247798323631288,0.2610719501972198,sccn,random_simplices_features,full_2d,0
0.241930291056633,0.5350642204284668,0.5350642204284668,0.9228867888450624,0.2151073664426803,0.2411088943481445,0.5492708086967468,0.549270749092102,0.9239684343338012,0.2598412334918976,sccn,random_simplices_features,full_2d,0
0.240555927157402,0.5356886982917786,0.5356886982917786,0.9250502586364746,0.2430135756731033,0.2396267354488372,0.5500731468200684,0.5500731468200684,0.9257070422172546,0.2855817079544067,sccn,random_simplices_features,full_2d,0
0.2432143241167068,0.5322579145431519,0.5322579145431519,0.9254751801490784,0.2500974237918854,0.2411224395036697,0.5420743823051453,0.5420743823051453,0.9265183210372924,0.2993254363536834,sccn,random_simplices_features,full_2d,0
0.2478875964879989,0.5277570486068726,0.5277570486068726,0.9236980080604552,0.2224235236644745,0.2437865287065506,0.5418870449066162,0.5418870449066162,0.9253593683242798,0.271134465932846,sccn,random_simplices_features,full_2d,0
0.0163743570446968,0.1256856769323349,0.8743143677711487,0.9976834058761596,0.0,0.0190143976360559,0.1546542197465896,0.8453457951545715,0.9972440004348756,0.0,gat,degree_transform_onehot,full_3d,0
0.0163706820458173,0.1256856769323349,0.8743143677711487,0.9976834058761596,0.0,0.0190374832600355,0.1546542197465896,0.8453457951545715,0.9972440004348756,0.0,gat,degree_transform_onehot,full_3d,0
0.0163731295615434,0.1256856769323349,0.8743143677711487,0.9976834058761596,0.0,0.0190177038311958,0.1546542197465896,0.8453457951545715,0.9972440004348756,0.0,gat,degree_transform_onehot,full_3d,0
0.0163770131766796,0.1256856769323349,0.8743143677711487,0.9976834058761596,0.0,0.0190747883170843,0.1546542197465896,0.8453457951545715,0.9972440004348756,0.0,gat,degree_transform_onehot,full_3d,0
0.0163708310574293,0.1256856769323349,0.8743143677711487,0.9976834058761596,0.0,0.0190296787768602,0.1546542197465896,0.8453457951545715,0.9972440004348756,0.0,gat,degree_transform_onehot,full_3d,0
8.236420631408691,0.460423082113266,0.460423082113266,0.517241358757019,-0.0691729336977005,8.008139610290527,0.4612769484519958,0.4612769484519958,0.5218914151191711,-0.0371100157499313,san,degree_transform_sc,no_nameless_2d,0
1.1817398071289062,0.5209143161773682,0.5209143161773682,0.6684200167655945,0.0510501898825168,1.1701953411102295,0.5143402218818665,0.5143401622772217,0.6643316149711609,0.0709236487746238,san,degree_transform_sc,no_nameless_2d,0
2.66888165473938,0.5141016244888306,0.5141016244888306,0.668809711933136,0.0339990109205246,2.5793590545654297,0.5090869069099426,0.5090869069099426,0.6660829186439514,0.0531727895140647,san,degree_transform_sc,no_nameless_2d,0
4.395639419555664,0.4797569215297699,0.4797569215297699,0.4751607179641723,-0.0274358820170164,4.260064601898193,0.4934389889240265,0.4934389889240265,0.4950379729270935,-0.0373768024146556,san,degree_transform_sc,no_nameless_2d,0
3.546776056289673,0.5550945997238159,0.5550946593284607,0.640171468257904,0.0840955004096031,3.6635525226593018,0.5241430401802063,0.5241430401802063,0.6147110462188721,0.0535999499261379,san,degree_transform_sc,no_nameless_2d,0
0.0164561327546834,0.1256856769323349,0.8743143677711487,0.9976834058761596,0.0,0.0190063808113336,0.1546542197465896,0.8453457951545715,0.9972440004348756,0.0,transfconv,degree_transform_onehot,full_3d,0
0.0164158847182989,0.1256856769323349,0.8743143677711487,0.9976834058761596,0.0,0.0189962852746248,0.1546542197465896,0.8453457951545715,0.9972440004348756,0.0,transfconv,degree_transform_onehot,full_3d,0
0.0163753740489482,0.1256856769323349,0.8743143677711487,0.9976834058761596,0.0,0.0190120115876197,0.1546542197465896,0.8453457951545715,0.9972440004348756,0.0,transfconv,degree_transform_onehot,full_3d,0
0.0163794159889221,0.1256856769323349,0.8743143677711487,0.9976834058761596,0.0,0.0190061908215284,0.1546542197465896,0.8453457951545715,0.9972440004348756,0.0,transfconv,degree_transform_onehot,full_3d,0
0.0164686013013124,0.1256856769323349,0.8743143677711487,0.9976834058761596,0.0,0.0190112106502056,0.1546542197465896,0.8453457951545715,0.9972440004348756,0.0,transfconv,degree_transform_onehot,full_3d,0
0.2768140435218811,0.5,0.5,0.92107093334198,0.0,0.2799216210842132,0.5,0.5,0.9199119210243224,0.0,transfconv,random_node_features,full_2d,0
0.2765301167964935,0.5,0.5,0.92107093334198,0.0,0.2792305052280426,0.5,0.5,0.9199119210243224,0.0,transfconv,random_node_features,full_2d,0
0.2764054238796234,0.5,0.5,0.92107093334198,0.0,0.2798802852630615,0.5,0.5,0.9199119210243224,0.0,transfconv,random_node_features,full_2d,0
0.276932805776596,0.5,0.5,0.92107093334198,0.0,0.2793817520141601,0.5,0.5,0.9199119210243224,0.0,transfconv,random_node_features,full_2d,0
0.2764512598514557,0.5,0.5,0.92107093334198,0.0,0.279696524143219,0.5,0.5,0.9199119210243224,0.0,transfconv,random_node_features,full_2d,0
2608.626708984375,0.4801861643791199,0.4801861643791199,0.2850185036659241,-0.1667637825012207,2629.879638671875,0.4798204600811004,0.4798204600811004,0.2842965722084045,-0.1603309959173202,sccnn,degree_transform_sc,no_nameless_2d,0
4398.58984375,0.5000000596046448,0.5000000596046448,0.2963179349899292,0.0,4424.91064453125,0.5,0.5,0.2959719896316528,0.0,sccnn,degree_transform_sc,no_nameless_2d,0
794.0399780273438,0.5004453063011169,0.5004453063011169,0.7038769125938416,0.0243924278765916,790.8283081054688,0.5,0.5,0.7040280103683472,0.0,sccnn,degree_transform_sc,no_nameless_2d,0
3765.38671875,0.5000000596046448,0.5000000596046448,0.7036820650100708,0.0,3763.696533203125,0.5,0.5,0.7040280103683472,0.0,sccnn,degree_transform_sc,no_nameless_2d,0
2567.8408203125,0.5000000596046448,0.5000000596046448,0.7036820650100708,0.0,2565.653564453125,0.5,0.5,0.7040280103683472,0.0,sccnn,degree_transform_sc,no_nameless_2d,0
0.2789249718189239,0.5,0.5,0.92107093334198,0.0,0.2820819616317749,0.5,0.5,0.9199119210243224,0.0,tag,degree_transform,full_2d,0
0.2790345251560211,0.5,0.5,0.92107093334198,0.0,0.2821990251541137,0.5,0.5,0.9199119210243224,0.0,tag,degree_transform,full_2d,0
0.2779896259307861,0.5,0.5,0.92107093334198,0.0,0.2810839712619781,0.5,0.5,0.9199119210243224,0.0,tag,degree_transform,full_2d,0
0.2811392247676849,0.5,0.5,0.92107093334198,0.0,0.2844138443470001,0.5,0.5,0.9199119210243224,0.0,tag,degree_transform,full_2d,0
0.2789158225059509,0.5,0.5,0.92107093334198,0.0,0.2820719480514526,0.5,0.5,0.9199119210243224,0.0,tag,degree_transform,full_2d,0
0.2762565910816192,0.5,0.5,0.92107093334198,0.0,0.2791509628295898,0.5,0.5,0.9199119210243224,0.0,gcn,degree_transform,full_2d,0
0.2763256132602691,0.5,0.5,0.92107093334198,0.0,0.2792359292507171,0.5,0.5,0.9199119210243224,0.0,gcn,degree_transform,full_2d,0
0.2763886153697967,0.5,0.5,0.92107093334198,0.0,0.2793115079402923,0.5,0.5,0.9199119210243224,0.0,gcn,degree_transform,full_2d,0
0.2764831483364105,0.5,0.5,0.92107093334198,0.0,0.2794238328933716,0.5,0.5,0.9199119210243224,0.0,gcn,degree_transform,full_2d,0
0.2767699658870697,0.5,0.5,0.92107093334198,0.0,0.2797503173351288,0.5,0.5,0.9199119210243224,0.0,gcn,degree_transform,full_2d,0
0.6085715889930725,0.5000000596046448,0.5000000596046448,0.7036820650100708,0.0,0.6082895398139954,0.5,0.5,0.7040280103683472,0.0,gat,degree_transform,no_nameless_2d,0
0.6080025434494019,0.5000000596046448,0.5000000596046448,0.7036820650100708,0.0,0.607707679271698,0.5,0.5,0.7040280103683472,0.0,gat,degree_transform,no_nameless_2d,0
0.6079040765762329,0.5000000596046448,0.5000000596046448,0.7036820650100708,0.0,0.6076076626777649,0.5,0.5,0.7040280103683472,0.0,gat,degree_transform,no_nameless_2d,0
0.6079202890396118,0.5000000596046448,0.5000000596046448,0.7036820650100708,0.0,0.6076223254203796,0.5,0.5,0.7040280103683472,0.0,gat,degree_transform,no_nameless_2d,0
0.6077389717102051,0.5000000596046448,0.5000000596046448,0.7036820650100708,0.0,0.6074323654174805,0.5,0.5,0.7040280103683472,0.0,gat,degree_transform,no_nameless_2d,0
1.0861855745315552,0.5,0.5,0.92107093334198,0.0,1.0925955772399902,0.5,0.5,0.9199119210243224,0.0,san,degree_transform_sc,full_2d,0
1.258771896362305,0.501038670539856,0.501038670539856,0.921264111995697,0.0486711971461772,1.2419856786727903,0.501883864402771,0.501883864402771,0.9201436638832092,0.0332627743482589,san,degree_transform_sc,full_2d,0
0.3315346240997314,0.5299962759017944,0.5299962759017944,0.9180575013160706,0.1612189412117004,0.3267386853694916,0.5459164977073669,0.5459164977073669,0.919216513633728,0.2088118642568588,san,degree_transform_sc,full_2d,0
2.1510703563690186,0.5004093050956726,0.5004093050956726,0.9209936857223512,0.005022294819355,2.115130424499512,0.499876856803894,0.499876856803894,0.919680118560791,-0.0023618356790393,san,degree_transform_sc,full_2d,0
1.9661487340927124,0.5372267365455627,0.5372267365455627,0.921611785888672,0.2074414044618606,1.906578540802002,0.5520446300506592,0.5520446300506592,0.9226936101913452,0.2542325258255005,san,degree_transform_sc,full_2d,0
1.0405523777008057,0.5052234530448914,0.5052233934402466,0.6203000545501709,0.0473204851150512,0.985794961452484,0.5396721959114075,0.5396721959114075,0.6503210663795471,0.1025629416108131,san,random_simplices_features,no_nameless_2d,0
1.0787180662155151,0.5176249146461487,0.5176249146461487,0.6354958415031433,0.0294302459806203,1.0604382753372192,0.5136238932609558,0.5136238932609558,0.6304728388786316,0.0276734065264463,san,random_simplices_features,no_nameless_2d,0
0.8895954489707947,0.4971915185451507,0.4971915483474731,0.5756867527961731,-0.0117630204185843,0.8931167721748352,0.4946590960025787,0.4946590960025787,0.5720957517623901,-0.0113363051787018,san,random_simplices_features,no_nameless_2d,0
0.8937795758247375,0.5075132250785828,0.5075132250785828,0.5932203531265259,0.0049013844691216,0.9125943183898926,0.493782639503479,0.493782639503479,0.5767659544944763,-0.0206577125936746,san,random_simplices_features,no_nameless_2d,0
0.7921609282493591,0.5183387398719788,0.5183387398719788,0.6021819710731506,0.0359422005712986,0.7762412428855896,0.5111935138702393,0.5111935138702393,0.5884413123130798,0.0034608638379722,san,random_simplices_features,no_nameless_2d,0
0.2816528975963592,0.5,0.5,0.92107093334198,0.0,0.2845388054847717,0.5,0.5,0.9199119210243224,0.0,tag,random_node_features,full_2d,0
0.2810457348823547,0.5,0.5,0.92107093334198,0.0,0.2840284407138824,0.5,0.5,0.9199119210243224,0.0,tag,random_node_features,full_2d,0
0.2787136435508728,0.5,0.5,0.92107093334198,0.0,0.2833921611309051,0.5,0.5,0.9199119210243224,0.0,tag,random_node_features,full_2d,0
0.2790900468826294,0.5,0.5,0.92107093334198,0.0,0.2813007235527038,0.5,0.5,0.9199119210243224,0.0,tag,random_node_features,full_2d,0
0.2775982618331909,0.5,0.5,0.92107093334198,0.0,0.2806229889392853,0.5,0.5,0.9199119210243224,0.0,tag,random_node_features,full_2d,0
0.6108716726303101,0.5000000596046448,0.5000000596046448,0.7036820650100708,0.0,0.6106143593788147,0.5,0.5,0.7040280103683472,0.0,transfconv,degree_transform,no_nameless_2d,0
0.6136166453361511,0.5000000596046448,0.5000000596046448,0.7036820650100708,0.0,0.613397479057312,0.5,0.5,0.7040280103683472,0.0,transfconv,degree_transform,no_nameless_2d,0
0.6137305498123169,0.5000000596046448,0.5000000596046448,0.7036820650100708,0.0,0.6135184168815613,0.5,0.5,0.7040280103683472,0.0,transfconv,degree_transform,no_nameless_2d,0
0.6083801984786987,0.5000000596046448,0.5000000596046448,0.7036820650100708,0.0,0.6080986857414246,0.5,0.5,0.7040280103683472,0.0,transfconv,degree_transform,no_nameless_2d,0
0.6129158735275269,0.5000000596046448,0.5000000596046448,0.7036820650100708,0.0,0.6126907467842102,0.5,0.5,0.7040280103683472,0.0,transfconv,degree_transform,no_nameless_2d,0
0.2779130041599273,0.5,0.5,0.92107093334198,0.0,0.2804047465324402,0.5,0.5,0.9199119210243224,0.0,mlp,random_node_features,full_2d,0
0.2775300145149231,0.5,0.5,0.92107093334198,0.0,0.2800073623657226,0.5,0.5,0.9199119210243224,0.0,mlp,random_node_features,full_2d,0
0.2774733603000641,0.5,0.5,0.92107093334198,0.0,0.2805153429508209,0.5,0.5,0.9199119210243224,0.0,mlp,random_node_features,full_2d,0
0.2775736153125763,0.5,0.5,0.92107093334198,0.0,0.2813230156898498,0.5,0.5,0.9199119210243224,0.0,mlp,random_node_features,full_2d,0
0.2776053249835968,0.5,0.5,0.92107093334198,0.0,0.2807419300079345,0.5,0.5,0.9199119210243224,0.0,mlp,random_node_features,full_2d,0
0.0163918361067771,0.1256856769323349,0.8743143677711487,0.9976834058761596,0.0,0.0189981870353221,0.1546542197465896,0.8453457951545715,0.9972440004348756,0.0,mlp,degree_transform_onehot,full_3d,0
0.0163895133882761,0.1256856769323349,0.8743143677711487,0.9976834058761596,0.0,0.0189990922808647,0.1546542197465896,0.8453457951545715,0.9972440004348756,0.0,mlp,degree_transform_onehot,full_3d,0
0.0163943078368902,0.1256856769323349,0.8743143677711487,0.9976834058761596,0.0,0.0189974680542945,0.1546542197465896,0.8453457951545715,0.9972440004348756,0.0,mlp,degree_transform_onehot,full_3d,0
0.0163904707878828,0.1256856769323349,0.8743143677711487,0.9976834058761596,0.0,0.0189987439662218,0.1546542197465896,0.8453457951545715,0.9972440004348756,0.0,mlp,degree_transform_onehot,full_3d,0
0.0163907743990421,0.1256856769323349,0.8743143677711487,0.9976834058761596,0.0,0.0189985949546098,0.1546542197465896,0.8453457951545715,0.9972440004348756,0.0,mlp,degree_transform_onehot,full_3d,0
